{"Wayne Embry": 0.1111111111111111, "Tim Duncan": 5.7847186147186145, "John Havlicek": 0.8456349206349206, "Sidney Wicks": 0.14583333333333331, "Gene Shue": 0.32539682539682535, "Joe Barry Carroll": 0.06666666666666667, "Michael Cooper": 0.10049019607843138, "Kelvin Ransey": 0.06666666666666667, "Fred Brown": 0.12454212454212454, "Paul Silas": 0.07142857142857142, "Jay Vincent": 0.047619047619047616, "Gus Johnson": 0.16666666666666666, "Michael Adams": 0.07142857142857142, "Patrick Ewing": 1.565909090909091, "LaMarcus Aldridge": 0.24285714285714285, "Ray Felix": 0.125, "Jo Jo White": 0.14090909090909093, "Allen Iverson": 1.9844584500466855, "Bill Laimbeer": 0.08333333333333333, "Carlos Boozer": 0.18253968253968253, "Elvin Hayes": 1.7578571428571428, "Rudy Tomjanovich": 0.10644257703081232, "Detlef Schrempf": 0.0625, "Chris Mullin": 0.24358974358974358, "Marcus Camby": 0.07142857142857142, "Brad Daugherty": 0.28181818181818186, "Caldwell Jones": 0.03333333333333333, "Rick Barry": 0.8984126984126983, "Glenn Robinson": 0.0625, "Steve Nash": 3.2395598845598843, "Artis Gilmore": 0.39545454545454545, "Tiny Archibald": 1.1838888888888888, "Bill Sharman": 0.3666666666666667, "Bill Walton": 1.8166666666666664, "Kareem Abdul-Jabbar": 9.339999999999998, "Tom Heinsohn": 0.26666666666666666, "Chauncey Billups": 0.5409090909090909, "Marques Johnson": 0.4445378151260504, "Rik Smits": 0.0625, "Gary Payton": 1.6505555555555556, "Bobby Jones": 0.041666666666666664, "Latrell Sprewell": 0.09090909090909091, "Mike Conley": 0.058823529411764705, "Clyde Lee": 0.058823529411764705, "Mel Hutchins": 0.375, "Phil Chenier": 0.2747326203208556, "Kevin Durant": 3.6149999999999998, "Jerry West": 4.732575757575757, "Dave Cowens": 2.62, "Kenny Sears": 0.39999999999999997, "Elgin Baylor": 3.421666666666667, "Larry Costello": 0.14285714285714285, "Norm Nixon": 0.09307359307359307, "Tom Gugliotta": 0.058823529411764705, "Tom Gola": 0.35876623376623373, "Joe Johnson": 0.15, "Paul Westphal": 0.20833333333333331, "Bob Love": 0.210207336523126, "Mark Aguirre": 0.22900432900432902, "Larry Nance": 0.07692307692307693, "Jack Twyman": 0.4916666666666667, "Dave Bing": 1.1581313131313131, "Dominique Wilkins": 1.6613992869875223, "Clyde Lovellette": 0.16666666666666666, "James Worthy": 0.08333333333333333, "Dennis Johnson": 0.4281746031746032, "Chet Walker": 0.0625, "Antoine Walker": 0.08333333333333333, "Lenny Wilkens": 0.8825, "Oscar Robertson": 4.41, "Julius Erving": 3.082121212121212, "Shawn Kemp": 0.4587662337662338, "Doug Collins": 0.05, "Marc Gasol": 0.19444444444444442, "Bailey Howell": 0.125, "Gus Williams": 0.38055555555555554, "Norm Van Lier": 0.33459595959595956, "Clifford Ray": 0.1534090909090909, "Harry Gallatin": 0.125, "Moses Malone": 4.364700854700854, "Paul Arizin": 1.8066666666666666, "Mark Eaton": 0.13942307692307693, "James Harden": 1.145, "Dan Roundfield": 0.3409090909090909, "Walt Frazier": 0.6850140056022409, "Earl Monroe": 0.14583333333333331, "Buck Williams": 0.42440476190476184, "Dick McGuire": 0.09090909090909091, "Ty Lawson": 0.08333333333333333, "Phil Smith": 0.14285714285714285, "Isiah Thomas": 0.9645487682252389, "Vern Mikkelsen": 0.1, "Larry Bird": 7.272539682539681, "Yao Ming": 0.15476190476190477, "Kenny Smith": 0.058823529411764705, "David Thompson": 0.8628571428571428, "Joe Dumars": 0.30241327300150833, "Ray Williams": 0.0625, "Otis Birdsong": 0.058823529411764705, "Hal Greer": 0.16666666666666666, "Mike Bibby": 0.0625, "Maurice Lucas": 0.3492063492063492, "Amar'e Stoudemire": 0.5603174603174603, "Mike Bantom": 0.0625, "Kevin McHale": 0.37955465587044535, "George Yardley": 0.845, "Terry Dischinger": 0.125, "Bob Dandridge": 0.24166666666666667, "Wilt Chamberlain": 6.897857142857142, "Alton Lister": 0.06666666666666667, "Neil Johnston": 0.08333333333333333, "Terry Porter": 0.1111111111111111, "Michael Jordan": 8.759498834498833, "Jamal Mashburn": 0.09090909090909091, "Jamaal Wilkes": 0.2064425770308123, "John Stockton": 1.1377095127095127, "Walter Davis": 0.34166666666666673, "Alex English": 0.6142607392607393, "Stephen Jackson": 0.08333333333333333, "Alvin Robertson": 0.07692307692307693, "Sam Lacey": 0.1, "George Johnson": 0.041666666666666664, "Kevin Johnson": 0.48901833460656996, "David Lee": 0.08333333333333333, "Wes Unseld": 1.2284487734487735, "Kawhi Leonard": 0.08333333333333333, "Jason Kidd": 1.6258663558663558, "Jim Chones": 0.1611111111111111, "Magic Johnson": 7.184242424242424, "Mookie Blaylock": 0.09090909090909091, "Chris Paul": 2.251446886446886, "Al Jefferson": 0.125, "Anthony Davis": 0.2, "Bernard King": 1.2307142857142856, "Spencer Haywood": 0.4786037491919845, "Dwyane Wade": 1.512857142857143, "Robert Parish": 0.6385281385281385, "Reggie Miller": 0.13942307692307693, "Bob McAdoo": 2.695, "Anfernee Hardaway": 0.7575, "Vince Carter": 0.33033216783216784, "Steve Smith": 0.1213235294117647, "Mychal Thompson": 0.047619047619047616, "Mike Mitchell": 0.041666666666666664, "Charles Barkley": 3.270833333333333, "Ben Wallace": 0.3678571428571429, "Pete Maravich": 0.7204901960784313, "Connie Hawkins": 0.2, "Klay Thompson": 0.08333333333333333, "Steve Johnson": 0.09090909090909091, "George McGinnis": 0.2909090909090909, "Cedric Ceballos": 0.06666666666666667, "Dikembe Mutombo": 0.07692307692307693, "Walt Bellamy": 0.09090909090909091, "Shawn Marion": 0.17142857142857143, "Mitch Richmond": 0.20608974358974358, "Jerry Stackhouse": 0.1380952380952381, "Phil Ford": 0.20833333333333331, "Sam Cassell": 0.1, "Chris Bosh": 0.22619047619047616, "Dave DeBusschere": 0.18181818181818182, "Willie Naulls": 0.15, "George Gervin": 2.803686868686869, "John Barnhill": 0.09090909090909091, "Dennis Rodman": 0.3409090909090909, "Kelly Tripucka": 0.09090909090909091, "Tony Parker": 0.836111111111111, "Bob Pettit": 5.061666666666667, "Elton Brand": 0.20535714285714285, "Jalen Rose": 0.07692307692307693, "Manu Ginobili": 0.3159090909090909, "Red Kerr": 0.16666666666666666, "David Robinson": 4.444523809523809, "Kevin Love": 0.25757575757575757, "Glen Rice": 0.2909090909090909, "Karl Malone": 5.631904761904762, "Arvydas Sabonis": 0.07692307692307693, "Randy Smith": 0.041666666666666664, "Peja Stojakovic": 0.3125, "Bill Russell": 8.247857142857143, "Ralph Sampson": 0.1, "Tracy McGrady": 1.1011904761904763, "Steve Mix": 0.05, "Rajon Rondo": 0.225, "Derrick Rose": 1.045909090909091, "Sidney Moncrief": 0.7857142857142856, "Jeff Ruland": 0.19444444444444442, "James Silas": 0.041666666666666664, "LeBron James": 7.377777777777778, "Bob Lanier": 1.1388061938061937, "Rickey Green": 0.07692307692307693, "Andrew Toney": 0.06666666666666667, "Vin Baker": 0.125, "Anthony Mason": 0.17777777777777776, "John Drew": 0.05, "Marvin Webster": 0.1, "Reggie Theus": 0.05263157894736842, "Grant Hill": 1.0672222222222223, "Jack Sikma": 0.47036754095577626, "Cliff Hagan": 0.35037185037185037, "Purvis Short": 0.05, "Dwight Howard": 1.6628571428571428, "Ray Allen": 0.20202020202020202, "Kiki Vandeweghe": 0.045454545454545456, "World B. Free": 0.28809523809523807, "P.J. Brown": 0.07142857142857142, "Danny Manning": 0.0625, "Michael Redd": 0.07142857142857142, "Kobe Bryant": 5.104444444444445, "Paul Pressey": 0.13574660633484165, "Mark Price": 0.478968253968254, "Micheal Ray Richardson": 0.13025210084033612, "Lucius Allen": 0.12222222222222222, "Mark Jackson": 0.13942307692307693, "Deron Williams": 0.19444444444444442, "Joakim Noah": 0.3333333333333333, "Brandon Roy": 0.1111111111111111, "Lou Hudson": 0.05555555555555555, "Rod Strickland": 0.05555555555555555, "Terrell Brandon": 0.0625, "Baron Davis": 0.16666666666666669, "Alonzo Mourning": 1.5697619047619047, "Rolando Blackman": 0.06666666666666667, "Antawn Jamison": 0.07142857142857142, "Scottie Pippen": 1.2398773448773448, "Walter Dukes": 0.20202020202020202, "Jermaine O'Neal": 0.595, "Tim Hardaway": 0.5942982456140351, "Adrian Dantley": 0.4267857142857142, "Goran Dragic": 0.0625, "Maurice Stokes": 0.5428571428571429, "Chris Webber": 0.7468253968253967,